{"cameraMode":{"drawMode":0,"name":"Shaded","section":"Shading Mode"},"sceneLighting":false,"audioPlay":false,"sceneViewState":{"m_AlwaysRefresh":false,"showFog":true,"showSkybox":false,"showFlares":true,"showImageEffects":true,"showParticleSystems":true,"showVisualEffectGraphs":true,"m_FxEnabled":true},"in2DMode":false,"pivot":{"x":0.010806083679199219,"y":-0.08857381343841553,"z":-0.9576492309570313},"rotation":{"x":-0.02212470956146717,"y":-0.24288436770439149,"z":0.005540093407034874,"w":-0.9697885513305664},"size":4.358128547668457,"orthographic":false}