{"cameraMode":{"drawMode":0,"name":"Shaded","section":"Shading Mode"},"sceneLighting":false,"audioPlay":false,"sceneViewState":{"m_AlwaysRefresh":false,"showFog":true,"showSkybox":false,"showFlares":true,"showImageEffects":true,"showParticleSystems":true,"showVisualEffectGraphs":true,"m_FxEnabled":true},"in2DMode":false,"pivot":{"x":1.0309436321258546,"y":-0.7802215218544006,"z":-0.9369325637817383},"rotation":{"x":-0.11010054498910904,"y":-0.13169173896312715,"z":0.014719431288540364,"w":-0.985048770904541},"size":1.7320507764816285,"orthographic":false}